Entity,Code,Year,Cantril ladder score,"GDP per capita, PPP (constant 2021 international $)",World regions according to OWID,time,time,time
Afghanistan,AFG,2024,1.721,1992.4244,Asia,2023,2023,2023
Albania,ALB,2024,5.304,18244.293,Europe,2023,2023,2023
Algeria,DZA,2024,5.364,15159.324,Africa,2023,2023,2023
Argentina,ARG,2024,6.188,27104.98,South America,2023,2023,2023
Armenia,ARM,2024,5.455,19230.19,Asia,2023,2023,2023
Australia,AUS,2024,7.057,59552.88,Oceania,2023,2023,2023
Austria,AUT,2024,6.905,65015.133,Europe,2023,2023,2023
Azerbaijan,AZE,2024,4.893,21262.299,Asia,2023,2023,2023
Bahrain,BHR,2024,5.959,57213.09,Asia,2023,2023,2023
Bangladesh,BGD,2024,3.886,8242.398,Asia,2023,2023,2023
Belarus,,,5.821,27611.18,Europe,2023,2021,2021
Belgium,BEL,2024,6.894,64185.848,Europe,2023,2023,2023
Belize,BLZ,2024,6.711,12455.296,North America,2023,2023,2024
Benin,BEN,2024,4.377,3721.2246,Africa,2023,2023,2023
Bolivia,BOL,2024,5.784,9843.97,South America,2023,2023,2023
Bosnia and Herzegovina,BIH,2024,5.877,20126.38,Europe,2023,2023,2023
Botswana,BWA,2024,3.383,18846.25,Africa,2023,2023,2023
Brazil,BRA,2024,6.272,19018.238,South America,2023,2023,2023
Bulgaria,BGR,2024,5.463,33403.375,Europe,2023,2023,2023
Burkina Faso,BFA,2024,4.548,2482.0723,Africa,2023,2023,2023
Burundi,,,3.775,833.9202,Africa,2023,2020,2020
Cambodia,KHM,2024,4.341,6690.5894,Asia,2023,2023,2023
Cameroon,CMR,2024,4.874,4870.571,Africa,2023,2023,2023
Canada,CAN,2024,6.9,55918.93,North America,2023,2023,2023
Central African Republic,,,3.4759,1145.0956,Africa,2023,2019,2019
Chad,TCD,2024,4.471,1679.4615,Africa,2023,2023,2023
Chile,CHL,2024,6.36,29462.64,South America,2023,2023,2023
China,CHN,2024,5.973,22137.6,Asia,2023,2023,2023
Colombia,COL,2024,5.695,18692.385,South America,2023,2023,2023
Comoros,COM,2024,3.566,3498.8032,Africa,2023,2023,2023
Congo,COG,2024,5.221,6172.2876,Africa,2023,2023,2023
Costa Rica,CRI,2024,6.955,26292.771,North America,2023,2023,2023
Cote d'Ivoire,CIV,2024,5.08,6485.316,Africa,2023,2023,2023
Croatia,HRV,2024,5.942,41116.87,Europe,2023,2023,2023
Cyprus,CYP,2024,6.068,53420.684,Europe,2023,2023,2023
Czechia,CZE,2024,6.822,49681.06,Europe,2023,2023,2023
Democratic Republic of Congo,COD,2024,3.295,1455.8356,Africa,2023,2023,2023
Denmark,DNK,2024,7.583,72097.305,Europe,2023,2023,2023
Dominican Republic,DOM,2024,5.823,23087.934,North America,2023,2023,2023
Ecuador,ECU,2024,5.725,14472.316,South America,2023,2023,2023
Egypt,EGY,2024,3.977,16691.133,Africa,2023,2023,2023
El Salvador,SLV,2024,6.469,11404.334,North America,2023,2023,2023
Estonia,EST,2024,6.448,42471.824,Europe,2023,2023,2023
Eswatini,SWZ,2024,3.502,10132.1875,Africa,2023,2023,2023
Ethiopia,ETH,2024,3.861,2755.457,Africa,2023,2023,2023
Finland,FIN,2024,7.741,57063.523,Europe,2023,2023,2023
France,FRA,2024,6.609,55441.188,Europe,2023,2023,2023
Gabon,GAB,2024,5.106,18702.691,Africa,2023,2023,2023
Gambia,GMB,2024,4.485,2932.2805,Africa,2023,2023,2023
Georgia,GEO,2024,5.185,22590.53,Asia,2023,2023,2023
Germany,DEU,2024,6.719,63578.14,Europe,2023,2023,2023
Ghana,GHA,2024,4.289,6796.4736,Africa,2023,2023,2023
Greece,GRC,2024,5.934,36905.453,Europe,2023,2023,2023
Guatemala,GTM,2024,6.287,12389.386,North America,2023,2023,2023
Guinea,GIN,2024,5.023,3949.34,Africa,2023,2023,2023
Haiti,,,3.615,3229.4756,North America,2023,2020,2020
Honduras,HND,2024,5.968,6468.302,North America,2023,2023,2023
Hong Kong,HKG,2024,5.316,64467.574,Asia,2023,2023,2023
Hungary,HUN,2024,6.017,40543.992,Europe,2023,2023,2023
Iceland,ISL,2024,7.525,67255.67,Europe,2023,2023,2023
India,IND,2024,4.054,9160.063,Asia,2023,2023,2023
Indonesia,IDN,2024,5.568,13889.883,Asia,2023,2023,2023
Iran,IRN,2024,4.923,15912.03,Asia,2023,2023,2023
Iraq,IRQ,2024,5.166,12711.062,Asia,2023,2023,2023
Ireland,IRL,2024,6.838,114922.39,Europe,2023,2023,2023
Israel,ISR,2024,7.341,48432.11,Asia,2023,2023,2023
Italy,ITA,2024,6.324,53312.07,Europe,2023,2023,2023
Jamaica,JAM,2024,5.842,10291.3125,North America,2023,2023,2023
Japan,JPN,2024,6.06,46157.637,Asia,2023,2023,2023
Jordan,JOR,2024,4.186,9362.588,Asia,2023,2023,2023
Kazakhstan,KAZ,2024,6.188,34703.234,Asia,2023,2023,2023
Kenya,KEN,2024,4.47,5682.9893,Africa,2023,2023,2023
Kosovo,OWID_KOS,2024,6.561,13642.677,Europe,2023,2023,2023
Kuwait,KWT,2024,6.951,46458.2,Asia,2023,2023,2023
Kyrgyzstan,KGZ,2024,5.714,6403.143,Asia,2023,2023,2023
Laos,LAO,2024,5.139,8372.156,Asia,2023,2023,2023
Latvia,LVA,2024,6.234,37007.367,Europe,2023,2023,2023
Lebanon,LBN,2024,2.392,11474.751,Asia,2023,2022,2022
Lesotho,LSO,2024,3.186,2595.8296,Africa,2023,2023,2023
Liberia,LBR,2024,4.269,1616.9237,Africa,2023,2023,2023
Libya,LBY,2024,5.866,12478.144,Africa,2023,2023,2023
Lithuania,LTU,2024,6.818,46740.41,Europe,2023,2023,2023
Luxembourg,LUX,2024,7.122,132846.58,Europe,2023,2023,2023
Madagascar,MDG,2024,4.228,1643.3093,Africa,2023,2023,2023
Malawi,MWI,2024,3.421,1648.4365,Africa,2023,2023,2023
Malaysia,MYS,2024,5.975,32812.3,Asia,2023,2023,2023
Maldives,,,5.198,14242.975,Asia,2023,2020,2020
Mali,MLI,2024,4.232,2394.672,Africa,2023,2023,2023
Malta,MLT,2024,6.346,61125.71,Europe,2023,2023,2023
Mauritania,MRT,2024,4.505,6258.711,Africa,2023,2023,2023
Mauritius,MUS,2024,5.816,26590.424,Africa,2023,2023,2023
Mexico,MEX,2024,6.678,22142.607,North America,2023,2023,2023
Moldova,MDA,2024,5.816,15855.273,Europe,2023,2023,2023
Mongolia,MNG,2024,5.696,16222.864,Asia,2023,2023,2023
Montenegro,MNE,2024,5.707,27869.65,Europe,2023,2023,2023
Morocco,MAR,2024,4.795,8868.712,Africa,2023,2023,2023
Mozambique,MOZ,2024,5.216,1511.6365,Africa,2023,2023,2023
Myanmar,MMR,2024,4.354,5364.138,Asia,2023,2023,2023
Namibia,NAM,2024,4.832,10105.515,Africa,2023,2023,2023
Nepal,NPL,2024,5.158,4859.8003,Asia,2023,2023,2023
Netherlands,NLD,2024,7.319,71446.695,Europe,2023,2023,2023
New Zealand,NZL,2024,7.029,48826.574,Oceania,2023,2023,2023
Nicaragua,NIC,2024,6.284,7486.943,North America,2023,2023,2023
Niger,NER,2024,4.556,1703.397,Africa,2023,2023,2023
Nigeria,NGA,2024,4.881,5593.0566,Africa,2023,2023,2023
North Macedonia,MKD,2024,5.369,23584.564,Europe,2023,2023,2023
Norway,NOR,2024,7.302,90469.81,Europe,2023,2023,2023
Oman,OMN,2024,6.197,38311.418,Asia,2023,2023,2024
Pakistan,PAK,2024,4.657,5439.1875,Asia,2023,2023,2023
Palestine,PSE,2024,4.879,5313.098,Asia,2023,2023,2023
Panama,PAN,2024,6.358,35863.88,North America,2023,2023,2023
Paraguay,PRY,2024,5.977,15783.115,South America,2023,2023,2023
Peru,PER,2024,5.841,15294.257,South America,2023,2023,2023
Philippines,PHL,2024,6.048,9901.057,Asia,2023,2023,2023
Poland,POL,2024,6.442,44384.168,Europe,2023,2023,2023
Portugal,PRT,2024,6.03,41755.48,Europe,2023,2023,2023
Romania,ROU,2024,6.491,40665.527,Europe,2023,2023,2023
Russia,RUS,2024,5.785,39753.457,Europe,2023,2023,2023
Rwanda,,,3.268,2731.09,Africa,2023,2021,2021
Saudi Arabia,SAU,2024,6.594,55055.4,Asia,2023,2023,2023
Senegal,SEN,2024,4.969,4317.2266,Africa,2023,2023,2023
Serbia,SRB,2024,6.411,26030.021,Europe,2023,2023,2023
Sierra Leone,SLE,2024,3.245,3034.219,Africa,2023,2023,2023
Singapore,SGP,2024,6.523,127543.555,Asia,2023,2023,2023
Slovakia,SVK,2024,6.257,39290.434,Europe,2023,2023,2023
Slovenia,SVN,2024,6.743,48243.94,Europe,2023,2023,2023
Somalia,SOM,2024,4.347,1402.47,Africa,2023,2023,2024
South Africa,ZAF,2024,5.422,13690.39,Africa,2023,2023,2023
South Korea,KOR,2024,6.058,50572.25,Asia,2023,2023,2023
Spain,ESP,2024,6.421,47141.543,Europe,2023,2023,2023
Sri Lanka,LKA,2024,3.898,13029.524,Asia,2023,2023,2023
Sweden,SWE,2024,7.344,63114.68,Europe,2023,2023,2023
Switzerland,CHE,2024,7.06,82557.55,Europe,2023,2023,2023
Tajikistan,TJK,2024,5.281,4472.324,Asia,2023,2023,2023
Tanzania,TZA,2024,3.781,3620.7935,Africa,2023,2023,2023
Thailand,THA,2024,5.976,21142.664,Asia,2023,2023,2023
Togo,TGO,2024,4.214,2767.5166,Africa,2023,2023,2023
Trinidad and Tobago,TTO,2024,5.905,31705.834,North America,2023,2023,2024
Tunisia,TUN,2024,4.422,12552.986,Africa,2023,2023,2023
Turkey,TUR,2024,4.975,34609.914,Asia,2023,2023,2023
Turkmenistan,,,5.474,16434.14,Asia,2023,2021,2021
Uganda,UGA,2024,4.372,2791.0557,Africa,2023,2023,2023
Ukraine,UKR,2024,4.873,15885.226,Europe,2023,2023,2023
United Arab Emirates,ARE,2024,6.733,68577.54,Asia,2023,2023,2023
United Kingdom,GBR,2024,6.749,54542.016,Europe,2023,2023,2023
United States,USA,2024,6.725,74577.51,North America,2023,2023,2023
Uruguay,URY,2024,6.611,31019.31,South America,2023,2023,2023
Uzbekistan,UZB,2024,6.195,10007.686,Asia,2023,2023,2023
Vietnam,VNM,2024,6.043,13491.88,Asia,2023,2023,2023
Zambia,ZMB,2024,3.502,3673.4841,Africa,2023,2023,2023
Zimbabwe,ZWE,2024,3.341,3442.2512,Africa,2023,2023,2023